rho_over_sigma,H_sigma2_over_h,Delta_sigma2_over_h
0.000000000000000000e+00,-1.000000000000000000e+00,0.000000000000000000e+00
5.666666666666666206e-03,-9.999678892755574644e-01,1.605529777676075313e-05
1.133333333333333241e-02,-9.998715617421196633e-01,6.421809786083429146e-05
1.699999999999999775e-02,-9.997110313183636965e-01,1.444791212585253665e-04
2.266666666666666483e-02,-9.994863211987732310e-01,2.568229054632216284e-04
2.833333333333333190e-02,-9.991974638486752491e-01,4.012278081789316946e-04
3.399999999999999550e-02,-9.988445009972896083e-01,5.776660125316765513e-04
3.966666666666666258e-02,-9.984274836287994059e-01,7.861035337671724074e-04
4.533333333333332965e-02,-9.979464719714403742e-01,1.026500227432797490e-03
5.099999999999999672e-02,-9.974015354846134107e-01,1.298809799041392892e-03
5.666666666666666380e-02,-9.967927528440257978e-01,1.602979815214001375e-03
6.233333333333333087e-02,-9.961202119248619979e-01,1.938951716298207119e-03
6.799999999999999101e-02,-9.953840097829924627e-01,2.306660830458297489e-03
7.366666666666665808e-02,-9.945842526342217882e-01,2.706036389233030127e-03
7.933333333333332515e-02,-9.937210558315849873e-01,3.137001544556341365e-03
8.499999999999999223e-02,-9.927945438406984291e-01,3.599473387235912342e-03
9.066666666666665930e-02,-9.918048502131683319e-01,4.093362966884055154e-03
9.633333333333332638e-02,-9.907521175580699113e-01,4.618575313294959184e-03
1.019999999999999934e-01,-9.896364975115011786e-01,5.175009459261909264e-03
1.076666666666666605e-01,-9.884581507042216053e-01,5.762558464827652153e-03
1.133333333333333276e-01,-9.872172467273832019e-01,6.381109442960651926e-03
1.189999999999999947e-01,-9.859139640963663354e-01,7.030543586649593696e-03
1.246666666666666617e-01,-9.845484902127278337e-01,7.710736197408008495e-03
1.303333333333333288e-01,-9.831210213242724816e-01,8.421556715180534766e-03
1.359999999999999820e-01,-9.816317624832605615e-01,9.162868749641879182e-03
1.416666666666666630e-01,-9.800809275027617673e-01,9.934530112879173466e-03
1.473333333333333162e-01,-9.784687389111670353e-01,1.073639285344790001e-02
1.529999999999999971e-01,-9.767954279048739474e-01,1.156830329179136911e-02
1.586666666666666503e-01,-9.750612342991548109e-01,1.243010205701305937e-02
1.643333333333333313e-01,-9.732664064772249546e-01,1.332162412499099911e-02
1.699999999999999845e-01,-9.714112013375225674e-01,1.424269885782273627e-02
1.756666666666666654e-01,-9.694958842392162879e-01,1.519315004458927920e-02
1.813333333333333186e-01,-9.675207289459563098e-01,1.617279594342578564e-02
1.869999999999999718e-01,-9.654860175678811052e-01,1.718144932488659127e-02
1.926666666666666528e-01,-9.633920405019024136e-01,1.821891751659169764e-02
1.983333333333333059e-01,-9.612390963702773794e-01,1.928500244914136547e-02
2.039999999999999869e-01,-9.590274919574905965e-01,2.037950070328542473e-02
2.096666666666666401e-01,-9.567575421454621587e-01,2.150220355833306479e-02
2.153333333333333210e-01,-9.544295698470972589e-01,2.265289704178902533e-02
2.209999999999999742e-01,-9.520439059381994307e-01,2.383136198020130089e-02
2.266666666666666552e-01,-9.496008891877636415e-01,2.503737405120551665e-02
2.323333333333333084e-01,-9.471008661866697764e-01,2.627070383675042531e-02
2.379999999999999893e-01,-9.445441912747952751e-01,2.753111687748899250e-02
2.436666666666666425e-01,-9.419312264665684609e-01,2.881837372831889607e-02
2.493333333333333235e-01,-9.392623413749814354e-01,3.013223001505619530e-02
2.550000000000000044e-01,-9.365379131340842989e-01,3.147243649222539186e-02
2.606666666666666576e-01,-9.337583263199824568e-01,3.283873910194895496e-02
2.663333333333333108e-01,-9.309239728703587735e-01,3.423087903391904691e-02
2.719999999999999640e-01,-9.280352520025402230e-01,3.564859278643371654e-02
2.776666666666666172e-01,-9.250925701301353499e-01,3.709161222847982831e-02
2.833333333333333259e-01,-9.220963407782631904e-01,3.855966466284445338e-02
2.889999999999999791e-01,-9.190469844973963021e-01,4.005247289023621676e-02
2.946666666666666323e-01,-9.159449287758432146e-01,4.156975527439806667e-02
3.003333333333332855e-01,-9.127906079508936177e-01,4.311122580819218286e-02
3.059999999999999942e-01,-9.095844631186487117e-01,4.467659418063800458e-02
3.116666666666666474e-01,-9.063269420425649203e-01,4.626556584488358825e-02
3.173333333333333006e-01,-9.030184990607318385e-01,4.787784208709090078e-02
3.229999999999999538e-01,-8.996595949919133917e-01,4.951312009621463422e-02
3.286666666666666625e-01,-8.962506970403736339e-01,5.117109303465455783e-02
3.343333333333333157e-01,-8.927922786995182713e-01,5.285145010976077112e-02
3.399999999999999689e-01,-8.892848196543716721e-01,5.455387664617138144e-02
3.456666666666666221e-01,-8.857288056829215606e-01,5.627805415896142138e-02
3.513333333333333308e-01,-8.821247285563540430e-01,5.802366042758213410e-02
3.569999999999999840e-01,-8.784730859382074986e-01,5.979036957056901164e-02
3.626666666666666372e-01,-8.747743812824729792e-01,6.157785212099765176e-02
3.683333333333332904e-01,-8.710291237306670986e-01,6.338577510266495130e-02
3.739999999999999436e-01,-8.672378280079059421e-01,6.521380210697448609e-02
3.796666666666666523e-01,-8.634010143180069763e-01,6.706159337050368596e-02
3.853333333333333055e-01,-8.595192082376494902e-01,6.892880585323056530e-02
3.909999999999999587e-01,-8.555929406096173251e-01,7.081509331739799240e-02
3.966666666666666119e-01,-8.516227474351568683e-01,7.272010640699264061e-02
4.023333333333333206e-01,-8.476091697654768442e-01,7.464349272781618805e-02
4.079999999999999738e-01,-8.435527535924184361e-01,7.658489692812593674e-02
4.136666666666666270e-01,-8.394540497383251587e-01,7.854396077982214730e-02
4.193333333333332802e-01,-8.353136137451424581e-01,8.052032326015873265e-02
4.249999999999999889e-01,-8.311320057627743507e-01,8.251362063395457913e-02
4.306666666666666421e-01,-8.269097904367292973e-01,8.452348653628204145e-02
4.363333333333332953e-01,-8.226475367950818463e-01,8.654955205560950493e-02
4.419999999999999485e-01,-8.183458181347817995e-01,8.859144581737450619e-02
4.476666666666666572e-01,-8.140052119073398762e-01,9.064879406796393091e-02
4.533333333333333104e-01,-8.096262996039212956e-01,9.272122075907796024e-02
4.589999999999999636e-01,-8.052096666398728120e-01,9.480834763245403474e-02
4.646666666666666168e-01,-8.007559022387195080e-01,9.690979430492718816e-02
4.703333333333332700e-01,-7.962655993156568801e-01,9.902517835380326983e-02
4.759999999999999787e-01,-7.917393543605696360e-01,1.011541154025209915e-01
4.816666666666666319e-01,-7.871777673206085124e-01,1.032962192065795259e-01
4.873333333333332851e-01,-7.825814414823536458e-01,1.054511017397074951e-01
4.929999999999999383e-01,-7.779509833535963592e-01,1.076183732802498128e-01
4.986666666666666470e-01,-7.732870025447688977e-01,1.097976424977485932e-01
5.043333333333333002e-01,-7.685901116500524211e-01,1.119885165396940774e-01
5.100000000000000089e-01,-7.638609261281937846e-01,1.141906011184224412e-01
5.156666666666666066e-01,-7.591000641830623064e-01,1.164035005981359089e-01
5.213333333333333153e-01,-7.543081466439747196e-01,1.186268180820223700e-01
5.269999999999999130e-01,-7.494857968458208397e-01,1.208601554994497979e-01
5.326666666666666217e-01,-7.446336405090193677e-01,1.231031136932132092e-01
5.383333333333333304e-01,-7.397523056193340274e-01,1.253552925068088519e-01
5.439999999999999281e-01,-7.348424223075793460e-01,1.276162908717135835e-01
5.496666666666666368e-01,-7.299046227292486089e-01,1.298857068946457083e-01
5.553333333333332344e-01,-7.249395409440910765e-01,1.321631379447825438e-01
5.609999999999999432e-01,-7.199478127956708828e-01,1.344481807409136920e-01
5.666666666666666519e-01,-7.149300757909363702e-01,1.367404314385046726e-01
5.723333333333332495e-01,-7.098869689798290583e-01,1.390394857166491749e-01
5.779999999999999583e-01,-7.048191328349635576e-01,1.413449388648862770e-01
5.836666666666666670e-01,-6.997272091314064024e-01,1.436563858698598761e-01
5.893333333333332646e-01,-6.946118408265851141e-01,1.459734215017974013e-01
5.949999999999999734e-01,-6.894736719403528058e-01,1.482956404007857998e-01
6.006666666666665710e-01,-6.843133474352444123e-01,1.506226371628208438e-01
6.063333333333332797e-01,-6.791315130969453051e-01,1.529540064256092735e-01
6.119999999999999885e-01,-6.739288154150084864e-01,1.552893429540996018e-01
6.176666666666665861e-01,-6.687059014638434551e-01,1.576282417257208746e-01
6.233333333333332948e-01,-6.634634187840089403e-01,1.599702980153070997e-01
6.290000000000000036e-01,-6.582020152638362598e-01,1.623151074796846949e-01
6.346666666666666012e-01,-6.529223390214117240e-01,1.646622662419028604e-01
6.403333333333333099e-01,-6.476250382869446209e-01,1.670113709750843667e-01
6.459999999999999076e-01,-6.423107612855523119e-01,1.693620189858755232e-01
6.516666666666666163e-01,-6.369801561204843088e-01,1.717138082974750402e-01
6.573333333333333250e-01,-6.316338706568194183e-01,1.740663377322201333e-01
6.629999999999999227e-01,-6.262725524056552695e-01,1.764192069937096652e-01
6.686666666666666314e-01,-6.208968484088237538e-01,1.787720167484439238e-01
6.743333333333332291e-01,-6.155074051241561373e-01,1.811243687069601926e-01
6.799999999999999378e-01,-6.101048683113214910e-01,1.834758657044452401e-01
6.856666666666666465e-01,-6.046898829182715263e-01,1.858261117808037155e-01
6.913333333333332442e-01,-5.992630929683087082e-01,1.881747122601637734e-01
6.969999999999999529e-01,-5.938251414478110668e-01,1.905212738298005803e-01
7.026666666666666616e-01,-5.883766701946333555e-01,1.928654046184577753e-01
7.083333333333332593e-01,-5.829183197872132016e-01,1.952067142740493422e-01
7.139999999999999680e-01,-5.774507294344031205e-01,1.975448140407225495e-01
7.196666666666665657e-01,-5.719745368660573703e-01,1.998793168352636929e-01
7.253333333333332744e-01,-5.664903782243928543e-01,2.022098373228290169e-01
7.309999999999999831e-01,-5.609988879561516040e-01,2.045359919919824132e-01
7.366666666666665808e-01,-5.555006987055852719e-01,2.068573992290234087e-01
7.423333333333332895e-01,-5.499964412082863907e-01,2.091736793915872084e-01
7.479999999999998872e-01,-5.444867441858893820e-01,2.114844548815003056e-01
7.536666666666665959e-01,-5.389722342416615186e-01,2.137893502168755899e-01
7.593333333333333046e-01,-5.334535357570090452e-01,2.160879921034291884e-01
7.649999999999999023e-01,-5.279312707889156631e-01,2.183800095050047463e-01
7.706666666666666110e-01,-5.224060589683405809e-01,2.206650337132882167e-01
7.763333333333333197e-01,-5.168785173995906757e-01,2.229426984166977543e-01
7.819999999999999174e-01,-5.113492605606927421e-01,2.252126397684345582e-01
7.876666666666666261e-01,-5.058189002047822624e-01,2.274744964536787872e-01
7.933333333333332238e-01,-5.002880452625313445e-01,2.297279097559163374e-01
7.989999999999999325e-01,-4.947573017456321498e-01,2.319725236223831311e-01
8.046666666666666412e-01,-4.892272726513582914e-01,2.342079847286114291e-01
8.103333333333332389e-01,-4.836985578682199693e-01,2.364339425420662610e-01
8.159999999999999476e-01,-4.781717540827330470e-01,2.386500493848581483e-01
8.216666666666665453e-01,-4.726474546873188909e-01,2.408559604955186617e-01
8.273333333333332540e-01,-4.671262496893529570e-01,2.430513340898275421e-01
8.329999999999999627e-01,-4.616087256213787238e-01,2.452358314206777579e-01
8.386666666666665604e-01,-4.560954654525043450e-01,2.474091168369680904e-01
8.443333333333332691e-01,-4.505870485009967896e-01,2.495708578415106738e-01
8.499999999999999778e-01,-4.450840503480922861e-01,2.517207251479425256e-01
8.556666666666665755e-01,-4.395870427530341740e-01,2.538583927366309112e-01
8.613333333333332842e-01,-4.340965935693570921e-01,2.559835379095610208e-01
8.669999999999998819e-01,-4.286132666624306586e-01,2.580958413441968857e-01
8.726666666666665906e-01,-4.231376218282748014e-01,2.601949871463046793e-01
8.783333333333332993e-01,-4.176702147136643339e-01,2.622806629017305768e-01
8.839999999999998970e-01,-4.122115967375335477e-01,2.643525597271217942e-01
8.896666666666666057e-01,-4.067623150136921439e-01,2.664103723195846984e-01
8.953333333333333144e-01,-4.013229122748702693e-01,2.684537990052695000e-01
9.009999999999999121e-01,-3.958939267980982613e-01,2.704825417868748638e-01
9.066666666666666208e-01,-3.904758923314377017e-01,2.724963063900645577e-01
9.123333333333332185e-01,-3.850693380220714945e-01,2.744948023087878664e-01
9.179999999999999272e-01,-3.796747883457652906e-01,2.764777428494988865e-01
9.236666666666666359e-01,-3.742927630377118065e-01,2.784448451742658204e-01
9.293333333333332336e-01,-3.689237770247628667e-01,2.803958303427660503e-01
9.349999999999999423e-01,-3.635683403590652674e-01,2.823304233531601093e-01
9.406666666666665400e-01,-3.582269581531042357e-01,2.842483531818392195e-01
9.463333333333332487e-01,-3.529001305161634239e-01,2.861493528220415139e-01
9.519999999999999574e-01,-3.475883524922144807e-01,2.880331593213323327e-01
9.576666666666665551e-01,-3.422921139992357586e-01,2.898995138179437103e-01
9.633333333333332638e-01,-3.370118997699737551e-01,2.917481615759696112e-01
9.689999999999999725e-01,-3.317481892941515076e-01,2.935788520194128060e-01
9.746666666666665702e-01,-3.265014567621298269e-01,2.953913387650804467e-01
9.803333333333332789e-01,-3.212721710100275851e-01,2.971853796543254544e-01
9.859999999999998765e-01,-3.160607954663078867e-01,2.989607367836304430e-01
9.916666666666665853e-01,-3.108677880998313992e-01,3.007171765340331815e-01
9.973333333333332940e-01,-3.056936013693857257e-01,3.024544695993901522e-01
1.002999999999999892e+00,-3.005386821746912629e-01,3.041723910134788156e-01
1.008666666666666600e+00,-2.954034718088892619e-01,3.058707201759351957e-01
1.014333333333333309e+00,-2.902884059125144245e-01,3.075492408770272301e-01
1.020000000000000018e+00,-2.851939144289549199e-01,3.092077413212637182e-01
1.025666666666666504e+00,-2.801204215614018223e-01,3.108460141498377016e-01
1.031333333333333213e+00,-2.750683457312899094e-01,3.124638564619055536e-01
1.036999999999999922e+00,-2.700380995382328786e-01,3.140610698347013896e-01
1.042666666666666631e+00,-2.650300897214498685e-01,3.156374603424890180e-01
1.048333333333333339e+00,-2.600447171226893395e-01,3.171928385743510437e-01
1.053999999999999826e+00,-2.550823766506455925e-01,3.187270196508185105e-01
1.059666666666666535e+00,-2.501434572468697604e-01,3.202398232393418032e-01
1.065333333333333243e+00,-2.452283418531766013e-01,3.217310735686052525e-01
1.070999999999999952e+00,-2.403374073805411015e-01,3.232005994416885519e-01
1.076666666666666661e+00,-2.354710246794879114e-01,3.246482342480778160e-01
1.082333333333333147e+00,-2.306295585119695346e-01,3.260738159745290021e-01
1.087999999999999856e+00,-2.258133675247299688e-01,3.274771872147877461e-01
1.093666666666666565e+00,-2.210228042241556279e-01,3.288581951781697210e-01
1.099333333333333274e+00,-2.162582149526036945e-01,3.302166916970049604e-01
1.104999999999999982e+00,-2.115199398662095664e-01,3.315525332329516961e-01
1.110666666666666469e+00,-2.068083129141682353e-01,3.328655808821838757e-01
1.116333333333333178e+00,-2.021236618194826584e-01,3.341557003794572434e-01
1.121999999999999886e+00,-1.974663080611794852e-01,3.354227621010607008e-01
1.127666666666666595e+00,-1.928365668579817838e-01,3.366666410666568909e-01
1.133333333333333304e+00,-1.882347471534367156e-01,3.378872169400198300e-01
1.139000000000000012e+00,-1.836611516024909130e-01,3.390843740286746955e-01
1.144666666666666499e+00,-1.791160765595081472e-01,3.402580012824468758e-01
1.150333333333333208e+00,-1.745998120677212107e-01,3.414079922909273868e-01
1.155999999999999917e+00,-1.701126418501138493e-01,3.425342452798609272e-01
1.161666666666666625e+00,-1.656548433017220323e-01,3.436366631064655119e-01
1.167333333333333334e+00,-1.612266874833499231e-01,3.447151532536900653e-01
1.172999999999999821e+00,-1.568284391166905045e-01,3.457696278234185239e-01
1.178666666666666529e+00,-1.524603565808431427e-01,3.468000035286289418e-01
1.184333333333333238e+00,-1.481226919102212880e-01,3.478062016845156479e-01
1.189999999999999947e+00,-1.438156907938372697e-01,3.487881481985835030e-01
1.195666666666666655e+00,-1.395395925759589095e-01,3.497457735597231387e-01
1.201333333333333142e+00,-1.352946302581263249e-01,3.506790128262768369e-01
1.206999999999999851e+00,-1.310810305025182088e-01,3.515878056131038210e-01
1.212666666666666559e+00,-1.268990136366604793e-01,3.524720960776553946e-01
1.218333333333333268e+00,-1.227487936594628681e-01,3.533318329050694762e-01
1.223999999999999977e+00,-1.186305782485748278e-01,3.541669692922953527e-01
1.229666666666666464e+00,-1.145445687690497677e-01,3.549774629312575369e-01
1.235333333333333172e+00,-1.104909602833041432e-01,3.557632759910719367e-01
1.240999999999999881e+00,-1.064699415623627937e-01,3.565243750993222216e-01
1.246666666666666590e+00,-1.024816950983755415e-01,3.572607313224098191e-01
1.252333333333333298e+00,-9.852639711839406012e-02,3.579723201449878656e-01
1.258000000000000007e+00,-9.460421759939677266e-02,3.586591214484898260e-01
1.263666666666666494e+00,-9.071532028454856733e-02,3.593211194887658277e-01
1.269333333333333202e+00,-8.685986270068135617e-02,3.599583028728383094e-01
1.274999999999999911e+00,-8.303799617698481850e-02,3.605706645347870332e-01
1.280666666666666620e+00,-7.924986586489032869e-02,3.611582017107788922e-01
1.286333333333333329e+00,-7.549561075913652219e-02,3.617209159132520613e-01
1.291999999999999815e+00,-7.177536372000263565e-02,3.622588129042687011e-01
1.297666666666666524e+00,-6.808925149669270427e-02,3.627719026680479852e-01
1.303333333333333233e+00,-6.443739475186092969e-02,3.632601993826925502e-01
1.308999999999999941e+00,-6.081990808725799835e-02,3.637237213911218570e-01
1.314666666666666650e+00,-5.723690007048769235e-02,3.641624911712247892e-01
1.320333333333333137e+00,-5.368847326285670213e-02,3.645765353052450308e-01
1.325999999999999845e+00,-5.017472424830256988e-02,3.649658844484132691e-01
1.331666666666666554e+00,-4.669574366338518495e-02,3.653305732968383790e-01
1.337333333333333263e+00,-4.325161622832514319e-02,3.656706405546731875e-01
1.342999999999999972e+00,-3.984242077907348273e-02,3.659861289005660323e-01
1.348666666666666458e+00,-3.646823030039699626e-02,3.662770849534148221e-01
1.354333333333333167e+00,-3.312911195996257052e-02,3.665435592374354790e-01
1.359999999999999876e+00,-2.982512714340543325e-02,3.667856061465596396e-01
1.365666666666666584e+00,-2.655633149036261409e-02,3.670032839081758258e-01
1.371333333333333293e+00,-2.332277493145726646e-02,3.671966545462286291e-01
1.376999999999999780e+00,-2.012450172621594105e-02,3.673657838436891199e-01
1.382666666666666488e+00,-1.696155050190160940e-02,3.675107413044126359e-01
1.388333333333333197e+00,-1.383395429324730738e-02,3.676316001143970502e-01
1.393999999999999906e+00,-1.074174058307068857e-02,3.677284371024567289e-01
1.399666666666666615e+00,-7.684931343754208138e-03,3.678013327003271660e-01
1.405333333333333323e+00,-4.663543079572884768e-03,3.678503709022135637e-01
1.410999999999999810e+00,-1.677586869852229750e-03,3.678756392238005102e-01
1.416666666666666519e+00,1.272931587061322447e-03,3.678772286607351893e-01
1.422333333333333227e+00,4.188011929033957567e-03,3.678552336466002215e-01
1.427999999999999936e+00,7.067659084602002061e-03,3.678097520103912332e-01
1.433666666666666645e+00,9.911883226668577809e-03,3.677408849335132568e-01
1.439333333333333131e+00,1.272069972545876969e-02,3.676487369063113908e-01
1.444999999999999840e+00,1.549412910075178076e-02,3.675334156841509325e-01
1.450666666666666549e+00,1.823219697340501197e-02,3.673950322430613036e-01
1.456333333333333258e+00,2.093493401619219568e-02,3.672337007349594229e-01
1.461999999999999966e+00,2.360237590397054955e-02,3.670495384424672380e-01
1.467666666666666453e+00,2.623456326319590498e-02,3.668426657333385132e-01
1.473333333333333162e+00,2.883154162080486457e-02,3.666132060145099181e-01
1.478999999999999870e+00,3.139336135248006060e-02,3.663612856857914046e-01
1.484666666666666579e+00,3.392007763031906764e-02,3.660870340932106393e-01
1.490333333333333288e+00,3.641175036992336939e-02,3.657905834820271429e-01
1.495999999999999774e+00,3.886844417692601750e-02,3.654720689494300734e-01
1.501666666666666483e+00,4.129022829297698816e-02,3.651316283969358034e-01
1.507333333333333192e+00,4.367717654120267801e-02,3.647694024824991166e-01
1.512999999999999901e+00,4.602936727115948534e-02,3.643855345723537309e-01
1.518666666666666609e+00,4.834688330329873357e-02,3.639801706925961389e-01
1.524333333333333318e+00,5.062981187296101970e-02,3.635534594805281405e-01
1.529999999999999805e+00,5.287824457391815391e-02,3.631055521357733906e-01
1.535666666666666513e+00,5.509227730148136964e-02,3.626366023711805608e-01
1.541333333333333222e+00,5.727201019519273517e-02,3.621467663635306033e-01
1.546999999999999931e+00,5.941754758111831430e-02,3.616362027040598837e-01
1.552666666666666639e+00,6.152899791376193611e-02,3.611050723488160585e-01
1.558333333333333126e+00,6.360647371761535274e-02,3.605535385688595218e-01
1.563999999999999835e+00,6.565009152836485951e-02,3.599817669003249621e-01
1.569666666666666544e+00,6.765997183377031599e-02,3.593899250943586865e-01
1.575333333333333252e+00,6.963623901423546259e-02,3.587781830669438121e-01
1.580999999999999961e+00,7.157902128308692158e-02,3.581467128486292006e-01
1.586666666666666448e+00,7.348845062657882732e-02,3.574956885341751822e-01
1.592333333333333156e+00,7.536466274364146678e-02,3.568252862321297791e-01
1.597999999999999865e+00,7.720779698539033398e-02,3.561356840143510838e-01
1.603666666666666574e+00,7.901799629441361161e-02,3.554270618654863934e-01
1.609333333333333282e+00,8.079540714385535782e-02,3.546996016324248102e-01
1.614999999999999769e+00,8.254017947631044072e-02,3.539534869737350764e-01
1.620666666666666478e+00,8.425246664254995577e-02,3.531889033091020758e-01
1.626333333333333186e+00,8.593242534009168376e-02,3.524060377687761592e-01
1.631999999999999895e+00,8.758021555163478244e-02,3.516050791430478939e-01
1.637666666666666604e+00,8.919600048337357479e-02,3.507862178317610047e-01
1.643333333333333091e+00,9.077994650320773962e-02,3.499496457938770511e-01
1.648999999999999799e+00,9.233222307886529423e-02,3.490955564971039982e-01
1.654666666666666508e+00,9.385300271595400923e-02,3.482241448676023365e-01
1.660333333333333217e+00,9.534246089595840856e-02,3.473356072397796868e-01
1.665999999999999925e+00,9.680077601419748157e-02,3.464301413061879886e-01
1.671666666666666634e+00,9.822812931775899703e-02,3.455079460675343217e-01
1.677333333333333121e+00,9.962470484342698940e-02,3.445692217828178472e-01
1.682999999999999829e+00,1.009906893556167945e-01,3.436141699196046950e-01
1.688666666666666538e+00,1.023262722843337469e-01,3.426429931044533417e-01
1.694333333333333247e+00,1.036316456631707211e-01,3.416558950735009148e-01
1.699999999999999956e+00,1.049070040673592552e-01,3.406530806232228037e-01
1.705666666666666442e+00,1.061525445518897437e-01,3.396347555613766223e-01
1.711333333333333151e+00,1.073684665897148699e-01,3.386011266581417378e-01
1.716999999999999860e+00,1.085549720100510429e-01,3.375524015974655234e-01
1.722666666666666568e+00,1.097122649367926750e-01,3.364887889286271583e-01
1.728333333333333277e+00,1.108405517270528023e-01,3.354104980180293016e-01
1.733999999999999764e+00,1.119400409098447041e-01,3.343177390012288530e-01
1.739666666666666472e+00,1.130109431249183560e-01,3.332107227352167356e-01
1.745333333333333181e+00,1.140534710617647912e-01,3.320896607509569165e-01
1.750999999999999890e+00,1.150678393988027876e-01,3.309547652061947676e-01
1.756666666666666599e+00,1.160542647427606211e-01,3.298062488385449798e-01
1.762333333333333085e+00,1.170129655682660280e-01,3.286443249188678584e-01
1.767999999999999794e+00,1.179441621576579891e-01,3.274692072049443237e-01
1.773666666666666503e+00,1.188480765410317580e-01,3.262811098954587208e-01
1.779333333333333211e+00,1.197249324365312617e-01,3.250802475842983208e-01
1.784999999999999920e+00,1.205749551909000572e-01,3.238668352151788388e-01
1.790666666666666629e+00,1.213983717203035023e-01,3.226410880366046285e-01
1.796333333333333115e+00,1.221954104514342415e-01,3.214032215571721585e-01
1.801999999999999824e+00,1.229663012629121782e-01,3.201534515012248172e-01
1.807666666666666533e+00,1.237112754269910353e-01,3.188919937648683200e-01
1.813333333333333242e+00,1.244305655515827724e-01,3.176190643723537654e-01
1.818999999999999950e+00,1.251244055226105600e-01,3.163348794328364466e-01
1.824666666666666437e+00,1.257930304467019256e-01,3.150396550975187449e-01
1.830333333333333146e+00,1.264366765942321613e-01,3.137336075171829886e-01
1.835999999999999854e+00,1.270555813427288183e-01,3.124169528001243812e-01
1.841666666666666563e+00,1.276499831206475422e-01,3.110899069704878284e-01
1.847333333333333272e+00,1.282201213515292981e-01,3.097526859270183230e-01
1.852999999999999758e+00,1.287662363985488390e-01,3.084055054022296627e-01
1.858666666666666467e+00,1.292885695094640741e-01,3.070485809219993256e-01
1.864333333333333176e+00,1.297873627619757775e-01,3.056821277655957791e-01
1.869999999999999885e+00,1.302628590095067651e-01,3.043063609261435487e-01
1.875666666666666593e+00,1.307153018274098966e-01,3.029214950715327093e-01
1.881333333333333080e+00,1.311449354596129213e-01,3.015277445057784056e-01
1.886999999999999789e+00,1.315520047657097458e-01,3.001253231308358971e-01
1.892666666666666497e+00,1.319367551685055040e-01,2.987144444088776774e-01
1.898333333333333206e+00,1.322994326020242029e-01,2.972953213250352777e-01
1.903999999999999915e+00,1.326402834599865466e-01,2.958681663506135262e-01
1.909666666666666401e+00,1.329595545447657956e-01,2.944331914067811473e-01
1.915333333333333110e+00,1.332574930168288208e-01,2.929906078287412563e-01
1.920999999999999819e+00,1.335343463446700685e-01,2.915406263303881862e-01
1.926666666666666528e+00,1.337903622552449601e-01,2.900834569694534237e-01
1.932333333333333236e+00,1.340257886849099966e-01,2.886193091131452060e-01
1.937999999999999945e+00,1.342408737308757594e-01,2.871483914042861629e-01
1.943666666666666432e+00,1.344358656031795218e-01,2.856709117279517818e-01
1.949333333333333140e+00,1.346110125771831922e-01,2.841870771786141892e-01
1.954999999999999849e+00,1.347665629466032744e-01,2.826970940277940825e-01
1.960666666666666558e+00,1.349027649770774551e-01,2.812011676922239745e-01
1.966333333333333266e+00,1.350198668602744234e-01,2.796995027025255820e-01
1.971999999999999753e+00,1.351181166685516410e-01,2.781923026724056336e-01
1.977666666666666462e+00,1.351977623101659753e-01,2.766797702683692628e-01
1.983333333333333171e+00,1.352590514850427750e-01,2.751621071799584817e-01
1.988999999999999879e+00,1.353022316411070514e-01,2.736395140905129031e-01
1.994666666666666588e+00,1.353275499311820951e-01,2.721121906484582631e-01
2.000333333333333297e+00,1.353352531704591355e-01,2.705803354391234650e-01
2.005999999999999783e+00,1.353255877945424013e-01,2.690441459570874216e-01
2.011666666666666714e+00,1.352987998180734119e-01,2.675038185790581391e-01
2.017333333333333201e+00,1.352551347939374704e-01,2.659595485372854839e-01
2.022999999999999687e+00,1.351948377730568529e-01,2.644115298935071912e-01
2.028666666666666618e+00,1.351181532647728334e-01,2.628599555134319976e-01
2.034333333333333105e+00,1.350253251978201230e-01,2.613050170417580698e-01
2.040000000000000036e+00,1.349165968818961947e-01,2.597469048777290568e-01
2.045666666666666522e+00,1.347922109698284077e-01,2.581858081512280467e-01
2.051333333333333009e+00,1.346524094203409849e-01,2.566219146994089262e-01
2.056999999999999940e+00,1.344974334614240097e-01,2.550554110438668642e-01
2.062666666666666426e+00,1.343275235543069379e-01,2.534864823683473101e-01
2.068333333333333357e+00,1.341429193580376267e-01,2.519153124969922830e-01
2.073999999999999844e+00,1.339438596946692095e-01,2.503420838731262310e-01
2.079666666666666330e+00,1.337305825150555960e-01,2.487669775385779047e-01
2.085333333333333261e+00,1.335033248652575388e-01,2.471901731135413283e-01
2.090999999999999748e+00,1.332623228535594340e-01,2.456118487769719527e-01
2.096666666666666679e+00,1.330078116180984926e-01,2.440321812475183816e-01
2.102333333333333165e+00,1.327400252951064785e-01,2.424513457649898618e-01
2.107999999999999652e+00,1.324591969877645103e-01,2.408695160723560158e-01
2.113666666666666583e+00,1.321655587356714290e-01,2.392868643982792864e-01
2.119333333333333069e+00,1.318593414849260070e-01,2.377035614401791785e-01
2.125000000000000000e+00,1.315407750588221403e-01,2.361197763478235789e-01
2.130666666666666487e+00,1.312100881291579646e-01,2.345356767074502913e-01
2.136333333333332973e+00,1.308675081881574276e-01,2.329514285264118190e-01
2.141999999999999904e+00,1.305132615210045088e-01,2.313671962183455610e-01
2.147666666666666391e+00,1.301475731789890344e-01,2.297831425888657020e-01
2.153333333333333321e+00,1.297706669532630586e-01,2.281994288217731870e-01
2.158999999999999808e+00,1.293827653492072849e-01,2.266162144657848654e-01
2.164666666666666295e+00,1.289840895614053906e-01,2.250336574217750574e-01
2.170333333333333226e+00,1.285748594492260310e-01,2.234519139305311819e-01
2.175999999999999712e+00,1.281552935130102766e-01,2.218711385610182552e-01
2.181666666666666643e+00,1.277256088708624837e-01,2.202914841991485684e-01
2.187333333333333130e+00,1.272860212360440169e-01,2.187131020370575163e-01
2.192999999999999616e+00,1.268367448949662968e-01,2.171361415628774438e-01
2.198666666666666547e+00,1.263779926857822866e-01,2.155607505510107602e-01
2.204333333333333034e+00,1.259099759775735849e-01,2.139870750528966026e-01
2.209999999999999964e+00,1.254329046501307665e-01,2.124152593882679685e-01
2.215666666666666451e+00,1.249469870743244448e-01,2.108454461368968746e-01
2.221333333333332938e+00,1.244524300930645311e-01,2.092777761308225182e-01
2.226999999999999869e+00,1.239494390028445941e-01,2.077123884470599424e-01
2.232666666666666355e+00,1.234382175358689493e-01,2.061494204007856823e-01
2.238333333333333286e+00,1.229189678427583671e-01,2.045890075389940055e-01
2.243999999999999773e+00,1.223918904758325987e-01,2.030312836346241101e-01
2.249666666666666703e+00,1.218571843729649717e-01,2.014763806811494251e-01
2.255333333333333190e+00,1.213150468420070849e-01,1.999244288876295683e-01
2.260999999999999677e+00,1.207656735457783848e-01,1.983755566742161636e-01
2.266666666666666607e+00,1.202092584876187087e-01,1.968298906681122395e-01
2.272333333333333094e+00,1.196459939974987841e-01,1.952875556999787154e-01
2.278000000000000025e+00,1.190760707186851453e-01,1.937486748007833104e-01
2.283666666666666512e+00,1.184996775949557490e-01,1.922133691990887128e-01
2.289333333333332998e+00,1.179170018583617086e-01,1.906817583187742360e-01
2.294999999999999929e+00,1.173282290175316073e-01,1.891539597771870473e-01
2.300666666666666416e+00,1.167335428465133967e-01,1.876300893837180295e-01
2.306333333333333346e+00,1.161331253741498398e-01,1.861102611387967787e-01
2.311999999999999833e+00,1.155271568739832250e-01,1.845945872333024651e-01
2.317666666666666320e+00,1.149158158546842723e-01,1.830831780483838378e-01
2.323333333333333250e+00,1.142992790510009571e-01,1.815761421556845168e-01
2.328999999999999737e+00,1.136777214152226989e-01,1.800735863179691587e-01
2.334666666666666668e+00,1.130513161091539626e-01,1.785756154901425585e-01
2.340333333333333155e+00,1.124202344965943429e-01,1.770823328206608538e-01
2.345999999999999641e+00,1.117846461363179444e-01,1.755938396533255896e-01
2.351666666666666572e+00,1.111447187755486704e-01,1.741102355294578685e-01
2.357333333333333059e+00,1.105006183439256745e-01,1.726316181904471170e-01
2.362999999999999989e+00,1.098525089479532452e-01,1.711580835806671419e-01
2.368666666666666476e+00,1.092005528659311803e-01,1.696897258507577000e-01
2.374333333333332963e+00,1.085449105433587552e-01,1.682266373612620325e-01
2.379999999999999893e+00,1.078857405888081628e-01,1.667689086866185333e-01
2.385666666666666380e+00,1.072231997702615125e-01,1.653166286194995005e-01
2.391333333333333311e+00,1.065574430119053256e-01,1.638698841754902824e-01
2.396999999999999797e+00,1.058886233913781949e-01,1.624287605981065141e-01
2.402666666666666284e+00,1.052168921374646432e-01,1.609933413641402022e-01
2.408333333333333215e+00,1.045423986282305318e-01,1.595637081893321041e-01
2.413999999999999702e+00,1.038652903895940505e-01,1.581399410343635459e-01
2.419666666666666632e+00,1.031857130943258927e-01,1.567221181111609629e-01
2.425333333333333119e+00,1.025038105614740347e-01,1.553103158895105251e-01
2.430999999999999606e+00,1.018197247562059315e-01,1.539046091039734665e-01
2.436666666666666536e+00,1.011335957900633548e-01,1.525050707610997036e-01
2.442333333333333023e+00,1.004455619216237106e-01,1.511117721469327491e-01
2.447999999999999954e+00,9.975575955756087188e-02,1.497247828347990084e-01
2.453666666666666440e+00,9.906432325410165218e-02,1.483441706933787407e-01
2.459333333333332927e+00,9.837138571886940019e-02,1.469700018950496345e-01
2.464999999999999858e+00,9.767707781311094073e-02,1.456023409245000289e-01
2.470666666666666345e+00,9.698152855429947872e-02,1.442412505876048134e-01
2.476333333333333275e+00,9.628486511910756829e-02,1.428867920205577902e-01
2.481999999999999762e+00,9.558721284674480401e-02,1.415390246992566936e-01
2.487666666666666249e+00,9.488869524265296229e-02,1.401980064489326550e-01
2.493333333333333179e+00,9.418943398255347210e-02,1.388637934540205010e-01
2.498999999999999666e+00,9.348954891684096991e-02,1.375364402682639764e-01
2.504666666666666597e+00,9.278915807531580573e-02,1.362159998250480342e-01
2.510333333333333083e+00,9.208837767225094839e-02,1.349025234479561686e-01
2.516000000000000014e+00,9.138732211178549059e-02,1.335960608615432421e-01
2.521666666666666501e+00,9.068610399364028518e-02,1.322966602023220861e-01
2.527333333333332988e+00,8.998483411914769137e-02,1.310043680299542435e-01
2.532999999999999918e+00,8.928362149759100364e-02,1.297192293386426887e-01
2.538666666666666405e+00,8.858257335284647205e-02,1.284412875687191424e-01
2.544333333333333336e+00,8.788179513032158552e-02,1.271705846184203181e-01
2.549999999999999822e+00,8.718139050418438618e-02,1.259071608558487432e-01
2.555666666666666309e+00,8.648146138487669554e-02,1.246510551311113268e-01
2.561333333333333240e+00,8.578210792690554864e-02,1.234023047886307345e-01
2.566999999999999726e+00,8.508342853690727126e-02,1.221609456796250298e-01
2.572666666666666657e+00,8.438551988197666442e-02,1.209270121747478138e-01
2.578333333333333144e+00,8.368847689825693881e-02,1.197005371768862098e-01
2.583999999999999631e+00,8.299239279978276596e-02,1.184815521341087974e-01
2.589666666666666561e+00,8.229735908757146445e-02,1.172700870527600137e-01
2.595333333333333048e+00,8.160346555895621468e-02,1.160661705106952879e-01
2.600999999999999979e+00,8.091080031715404408e-02,1.148698296706499589e-01
2.606666666666666465e+00,8.021944978106462787e-02,1.136810902937397810e-01
2.612333333333332952e+00,7.952949869529198079e-02,1.124999767530846378e-01
2.617999999999999883e+00,7.884103014038451596e-02,1.113265120475526171e-01
2.623666666666666369e+00,7.815412554328687866e-02,1.101607178156184530e-01
2.629333333333333300e+00,7.746886468799739356e-02,1.090026143493302152e-01
2.634999999999999787e+00,7.678532572642655929e-02,1.078522206083817880e-01
2.640666666666666273e+00,7.610358518944880524e-02,1.067095542342827857e-01
2.646333333333333204e+00,7.542371799814365230e-02,1.055746315646238637e-01
2.651999999999999691e+00,7.474579747521936657e-02,1.044474676474309444e-01
2.657666666666666622e+00,7.406989535661349933e-02,1.033280762556033072e-01
2.663333333333333108e+00,7.339608180326531728e-02,1.022164699014321276e-01
2.668999999999999595e+00,7.272442541305344788e-02,1.011126598511926516e-01
2.674666666666666526e+00,7.205499323289396574e-02,1.000166561398070642e-01
2.680333333333333012e+00,7.138785077099334131e-02,9.892846758557272135e-02
2.685999999999999943e+00,7.072306200924967368e-02,9.784810180494991905e-02
2.691666666666666430e+00,7.006068941579846054e-02,9.677556522740719813e-02
2.697333333333332916e+00,6.940079395769579995e-02,9.571086311031665184e-02
2.702999999999999847e+00,6.874343511373466609e-02,9.465399955389700026e-02
2.708666666666666334e+00,6.808867088738883300e-02,9.360497751619922813e-02
2.714333333333333265e+00,6.743655781987833997e-02,9.256379882812951210e-02
2.719999999999999751e+00,6.678715100335250177e-02,9.153046420850681486e-02
2.725666666666666238e+00,6.614050409418407994e-02,9.050497327914922008e-02
2.731333333333333169e+00,6.549666932637024375e-02,8.948732457998583023e-02
2.736999999999999655e+00,6.485569752503519969e-02,8.847751558418988360e-02
2.742666666666666586e+00,6.421763812002849459e-02,8.747554271332802500e-02
2.748333333333333073e+00,6.358253915961566138e-02,8.648140135252338490e-02
2.753999999999999559e+00,6.295044732425447709e-02,8.549508586562655499e-02
2.759666666666666490e+00,6.232140794045323146e-02,8.451658961039197615e-02
2.765333333333332977e+00,6.169546499470594109e-02,8.354590495365547820e-02
2.770999999999999908e+00,6.107266114749868025e-02,8.258302328650785062e-02
2.776666666666666394e+00,6.045303774738430835e-02,8.162793503946329243e-02
2.782333333333333325e+00,5.983663484511861363e-02,8.068062969761591319e-02
2.787999999999999812e+00,5.922349120785539572e-02,7.974109581578348038e-02
2.793666666666666298e+00,5.861364433339419366e-02,7.880932103363245955e-02
2.799333333333333229e+00,5.800713046447737026e-02,7.788529209078234872e-02
2.804999999999999716e+00,5.740398460313168860e-02,7.696899484188550467e-02
2.810666666666666647e+00,5.680424052504954441e-02,7.606041427167793689e-02
2.816333333333333133e+00,5.620793079400666220e-02,7.515953450999966756e-02
2.821999999999999620e+00,5.561508677631060715e-02,7.426633884677934228e-02
2.827666666666666551e+00,5.502573865527714964e-02,7.338080974698121817e-02
2.833333333333333037e+00,5.443991544572970853e-02,7.250292886551100435e-02
2.838999999999999968e+00,5.385764500851766140e-02,7.163267706207666896e-02
2.844666666666666455e+00,5.327895406505009368e-02,7.077003441600245026e-02
2.850333333333332941e+00,5.270386821184040727e-02,6.991498024099185304e-02
2.855999999999999872e+00,5.213241193505850635e-02,6.906749309983754859e-02
2.861666666666666359e+00,5.156460862508615434e-02,6.822755081907483365e-02
2.867333333333333290e+00,5.100048059107196302e-02,6.739513050357563706e-02
2.872999999999999776e+00,5.044004907548275962e-02,6.657020855108128354e-02
2.878666666666666263e+00,4.988333426864665493e-02,6.575276066666975450e-02
2.884333333333333194e+00,4.933035532328520351e-02,6.494276187715609938e-02
2.889999999999999680e+00,4.878113036903106159e-02,6.414018654542345821e-02
2.895666666666666611e+00,4.823567652692666019e-02,6.334500838468051787e-02
2.901333333333333098e+00,4.769400992390204069e-02,6.255720047264524963e-02
2.906999999999999584e+00,4.715614570722712756e-02,6.177673526565051476e-02
2.912666666666666515e+00,4.662209805893608588e-02,6.100358461267046950e-02
2.918333333333333002e+00,4.609188021022044696e-02,6.023771976926527855e-02
2.923999999999999932e+00,4.556550445578707448e-02,5.947911141144085478e-02
2.929666666666666419e+00,4.504298216817918116e-02,5.872772964942327839e-02
2.935333333333332906e+00,4.452432381205607276e-02,5.798354404134390544e-02
2.940999999999999837e+00,4.400953895842975305e-02,5.724652360683456925e-02
2.946666666666666323e+00,4.349863629885491328e-02,5.651663684053025161e-02
2.952333333333333254e+00,4.299162365956932241e-02,5.579385172547684374e-02
2.957999999999999741e+00,4.248850801558263363e-02,5.507813574644333798e-02
2.963666666666666227e+00,4.198929550470989480e-02,5.436945590313521648e-02
2.969333333333333158e+00,4.149399144154789637e-02,5.366777872330828758e-02
2.974999999999999645e+00,4.100260033139171978e-02,5.297307027578124217e-02
2.980666666666666575e+00,4.051512588408816284e-02,5.228529618334409185e-02
2.986333333333333062e+00,4.003157102782482768e-02,5.160442163556270417e-02
2.991999999999999549e+00,3.955193792285141563e-02,5.093041140147630541e-02
2.997666666666666480e+00,3.907622797513129326e-02,5.026322984218718065e-02
3.003333333333332966e+00,3.860444184992158079e-02,4.960284092334166922e-02
3.008999999999999897e+00,3.813657948527824498e-02,4.894920822749945083e-02
3.014666666666666384e+00,3.767264010548568298e-02,4.830229496639193432e-02
3.020333333333332870e+00,3.721262223440698763e-02,4.766206399306626568e-02
3.025999999999999801e+00,3.675652370875446412e-02,4.702847781391570475e-02
3.031666666666666288e+00,3.630434169127734478e-02,4.640149860059408077e-02
3.037333333333333218e+00,3.585607268386496044e-02,4.578108820181303606e-02
3.042999999999999705e+00,3.541171254056408452e-02,4.516720815502221070e-02
3.048666666666666636e+00,3.497125648050773000e-02,4.455981969796972419e-02
3.054333333333333123e+00,3.453469910075466359e-02,4.395888378014371073e-02
3.059999999999999609e+00,3.410203438903691014e-02,4.336436107409229190e-02
3.065666666666666540e+00,3.367325573641442860e-02,4.277621198662248658e-02
3.071333333333333027e+00,3.324835594983514137e-02,4.219439666987669785e-02
3.076999999999999957e+00,3.282732726459836742e-02,4.161887503228560437e-02
3.082666666666666444e+00,3.241016135672105530e-02,4.104960674939785864e-02
3.088333333333332931e+00,3.199684935520435980e-02,4.048655127458447578e-02
3.093999999999999861e+00,3.158738185420011113e-02,3.992966784961850257e-02
3.099666666666666348e+00,3.118174892507539001e-02,3.937891551512890526e-02
3.105333333333333279e+00,3.077994012837398721e-02,3.883425312092796122e-02
3.110999999999999766e+00,3.038194452567367573e-02,3.829563933621198818e-02
3.116666666666666252e+00,2.998775069133802901e-02,3.776303265963483480e-02
3.122333333333333183e+00,2.959734672416172024e-02,3.723639142925361939e-02
3.127999999999999670e+00,2.921072025890846663e-02,3.671567383234689702e-02
3.133666666666666600e+00,2.882785847773991841e-02,3.620083791510371463e-02
3.139333333333333087e+00,2.844874812153571145e-02,3.569184159218509456e-02
3.144999999999999574e+00,2.807337550110245578e-02,3.518864265615581632e-02
3.150666666666666504e+00,2.770172650827178173e-02,3.469119878678761371e-02
3.156333333333332991e+00,2.733378662688645128e-02,3.419946756023344719e-02
3.161999999999999922e+00,2.696954094367308083e-02,3.371340645807176239e-02
3.167666666666666409e+00,2.660897415900197877e-02,3.323297287622226787e-02
3.173333333333332895e+00,2.625207059753218927e-02,3.275812413373162257e-02
3.178999999999999826e+00,2.589881421874194387e-02,3.228881748143009461e-02
3.184666666666666313e+00,2.554918862734382318e-02,3.182501011045895528e-02
3.190333333333333243e+00,2.520317708358346329e-02,3.136665916066809501e-02
3.195999999999999730e+00,2.486076251342242763e-02,3.091372172888520384e-02
3.201666666666666217e+00,2.452192751860359649e-02,3.046615487705518419e-02
3.207333333333333147e+00,2.418665438659960143e-02,3.002391564025121834e-02
3.212999999999999634e+00,2.385492510044344427e-02,2.958696103455701193e-02
3.218666666666666565e+00,2.352672134844104382e-02,2.915524806482056377e-02
3.224333333333333051e+00,2.320202453376566179e-02,2.872873373228002764e-02
3.229999999999999538e+00,2.288081578393353147e-02,2.830737504206147157e-02
3.235666666666666469e+00,2.256307596016087630e-02,2.789112901054928081e-02
3.241333333333332956e+00,2.224878566660214510e-02,2.747995267262970387e-02
3.246999999999999886e+00,2.193792525946879068e-02,2.707380308880709407e-02
3.252666666666666373e+00,2.163047485602931710e-02,2.667263735219446014e-02
3.258333333333332860e+00,2.132641434348979750e-02,2.627641259537772875e-02
3.263999999999999790e+00,2.102572338775527544e-02,2.588508599715483652e-02
3.269666666666666277e+00,2.072838144207207398e-02,2.549861478915013344e-02
3.275333333333333208e+00,2.043436775555055804e-02,2.511695626230399381e-02
3.280999999999999694e+00,2.014366138156921046e-02,2.474006777323922712e-02
3.286666666666666181e+00,1.985624118605931743e-02,2.436790675050382049e-02
3.292333333333333112e+00,1.957208585567109249e-02,2.400043070069144899e-02
3.297999999999999599e+00,1.929117390582102756e-02,2.363759721443999332e-02
3.303666666666666529e+00,1.901348368862062696e-02,2.327936397230853660e-02
3.309333333333333016e+00,1.873899340068715946e-02,2.292568875053416916e-02
3.314999999999999947e+00,1.846768109083615078e-02,2.257652942666847282e-02
3.320666666666666433e+00,1.819952466765649771e-02,2.223184398509522874e-02
3.326333333333332920e+00,1.793450190696789168e-02,2.189159052242931405e-02
3.331999999999999851e+00,1.767259045916149893e-02,2.155572725279819579e-02
3.337666666666666337e+00,1.741376785642395619e-02,2.122421251300655315e-02
3.343333333333333268e+00,1.715801151984492137e-02,2.089700476758445807e-02
3.348999999999999755e+00,1.690529876640915058e-02,2.057406261372077619e-02
3.354666666666666242e+00,1.665560681587297670e-02,2.025534478608176370e-02
3.360333333333333172e+00,1.640891279752600129e-02,1.994081016151623073e-02
3.365999999999999659e+00,1.616519375683850984e-02,1.963041776364808297e-02
3.371666666666666590e+00,1.592442666199481507e-02,1.932412676735677584e-02
3.377333333333333076e+00,1.568658841031364895e-02,1.902189650314725297e-02
3.382999999999999563e+00,1.545165583455542467e-02,1.872368646140940007e-02
3.388666666666666494e+00,1.521960570911769228e-02,1.842945629656882536e-02
3.394333333333332980e+00,1.499041475611902208e-02,1.813916583112942793e-02
3.399999999999999911e+00,1.476405965137176680e-02,1.785277505960853814e-02
